"gender","name.title","name.first","name.last","dob.date","dob.age"
"male",Mr,Leo,Thompson,1995-01-17T00:01:57.635Z,28
"male",Mr,Jayden,Anderson,1970-02-27T11:14:44.398Z,53
"male",Mr,Liam,Harris,1999-09-27T05:54:00.305Z,23
"male",Mr,Hunter,Miller,1960-04-21T05:06:33.761Z,62
"male",Mr,Jeremy,Patel,1951-03-19T17:27:09.641Z,72
"male",Mr,Theo,Brown,1953-03-12T11:34:26.229Z,70
"female",Ms,Addison,Ennis,1985-07-06T13:42:14.765Z,37
"female",Miss,Jasmine,Young,1962-10-10T11:53:13.695Z,60
"male",Mr,Ryder,Campbell,1974-07-01T03:31:39.294Z,48
"female",Miss,Brielle,Singh,1950-06-05T18:49:44.896Z,72
"male",Mr,Dylan,Li,1986-08-05T07:45:55.316Z,36
"female",Mrs,Charlie,Chu,1964-06-05T18:00:39.022Z,58
"female",Mrs,Alice,Mitchell,1966-09-01T18:12:17.544Z,56
"female",Ms,Hannah,Chu,1947-09-19T15:03:43.584Z,75
"male",Mr,William,Gagné,1976-08-28T19:29:37.543Z,46
"female",Mrs,Sofia,Clark,1959-10-08T07:50:09.286Z,63
"male",Mr,Xavier,Tremblay,1995-04-29T09:18:47.024Z,27
"female",Ms,Charlie,Campbell,1963-10-26T04:48:47.367Z,59
"female",Mrs,Jasmine,Ambrose,1997-10-24T11:15:26.204Z,25
"male",Mr,Alexis,Brown,1988-07-18T21:58:15.372Z,34
"female",Mrs,Ella,Johnson,1990-02-08T17:36:50.717Z,33
"male",Mr,Samuel,Ouellet,1965-07-27T03:01:11.773Z,57
"male",Mr,Gabriel,Denys,1970-12-20T14:01:57.348Z,52
"male",Mr,Malik,Côté,1968-03-12T03:08:49.982Z,55
"male",Mr,Maxime,Liu,1987-12-31T21:59:57.579Z,35
"female",Miss,Amelia,White,1954-05-30T21:21:43.186Z,68
"male",Mr,Hunter,Wong,1998-01-24T14:20:31.268Z,25
"female",Mrs,Victoria,Li,1952-06-21T21:44:56.000Z,70
"female",Ms,Annabelle,Morin,1961-02-26T01:12:21.289Z,62
"male",Mr,Lucas,Bergeron,1970-06-12T10:11:25.741Z,52
"male",Mr,Xavier,Mitchell,1990-08-14T05:53:09.720Z,32
"female",Miss,Jasmine,Andersen,1969-04-07T17:26:04.264Z,53
"female",Ms,Aubrey,Margaret,1970-03-09T16:16:56.018Z,53
"female",Mrs,Zoe,Young,1961-05-10T09:36:54.608Z,61
"female",Miss,Hannah,Novak,1987-05-31T10:01:59.765Z,35
"female",Mrs,Hannah,Lavigne,1969-12-27T22:13:16.408Z,53
"male",Mr,Felix,Lavigne,1950-06-03T14:45:13.041Z,72
"male",Mr,Jacob,Slawa,1948-06-03T04:38:41.492Z,74
"female",Miss,Florence,Jean-Baptiste,1991-07-23T10:21:28.471Z,31
"female",Miss,Gabrielle,Wilson,1973-02-18T19:23:08.454Z,50
"female",Ms,Chloe,Ennis,1958-05-26T22:21:35.375Z,64
"male",Mr,Jack,Gill,1973-10-09T13:57:36.184Z,49
"male",Mr,Alexander,Anderson,1994-06-24T07:37:53.533Z,28
"female",Miss,Hannah,Young,1950-03-12T02:56:20.581Z,73
"male",Mr,William,Jean-Baptiste,1995-09-30T18:57:33.603Z,27
"male",Mr,Logan,Chow,1997-07-12T06:17:08.884Z,25
"male",Mr,Jacob,Chu,1981-03-29T01:00:54.247Z,41
"male",Mr,Dylan,Ginnish,1995-08-27T22:02:57.540Z,27
"male",Mr,Jayden,Walker,1979-01-12T21:19:31.971Z,44
"female",Ms,Alexis,Abraham,1979-07-04T05:30:16.318Z,43
"female",Miss,Megan,Jones,1953-08-11T10:32:43.728Z,69
"male",Mr,Philippe,Johnson,1979-09-13T16:56:47.393Z,43
"female",Miss,Emilie,Brar,1974-08-19T12:07:25.187Z,48
"female",Ms,Isabella,Lavigne,1994-02-13T19:06:30.336Z,29
"female",Mrs,Beatrice,Chow,1997-12-05T02:50:27.843Z,25
"male",Mr,Aiden,Mackay,1985-02-03T09:44:20.025Z,38
"male",Mr,Maxime,Johnson,1957-12-06T04:16:01.520Z,65
"female",Ms,Elizabeth,Bergeron,1966-12-27T23:17:43.308Z,56
"male",Mr,Theo,Harcourt,1995-10-28T20:21:28.033Z,27
"male",Mr,Thomas,Fortin,1968-02-02T21:37:59.660Z,55
"male",Mr,Jacob,French,1974-04-17T18:50:15.202Z,48
"female",Mrs,Avery,Fortin,1988-08-26T11:26:59.587Z,34
"female",Miss,Camille,Patel,1989-07-21T03:29:14.055Z,33
"male",Mr,Zackary,Roy,1984-08-31T01:00:43.920Z,38
"female",Ms,Ariane,Mitchell,1951-09-04T11:49:40.442Z,71
"female",Ms,Amelia,Gauthier,1952-03-06T23:41:37.122Z,71
"female",Miss,Marianne,Ennis,1973-06-18T22:34:54.854Z,49
"female",Mrs,Charlotte,Lavigne,1979-02-20T22:45:48.936Z,44
"male",Mr,Ethan,Brar,1998-10-04T10:34:26.971Z,24
"male",Mr,Tristan,Morin,1968-04-14T20:53:47.231Z,54
"female",Miss,Juliette,Pelletier,1972-11-24T14:54:19.880Z,50
"male",Mr,Dylan,Gagné,1992-08-08T14:44:14.099Z,30
"female",Miss,Gabrielle,Bergeron,1980-09-27T18:27:33.189Z,42
"male",Mr,Bently,Abraham,1993-11-12T18:16:50.160Z,29
"female",Miss,Elizabeth,Lam,1969-08-19T02:02:03.570Z,53
"male",Mr,Malik,Smith,1960-04-18T18:32:21.668Z,62
"male",Mr,Daniel,Margaret,1998-04-20T16:45:28.959Z,24
"male",Mr,Samuel,Jones,1997-11-25T03:22:59.499Z,25
"male",Mr,Zackary,Lam,1954-10-30T16:37:23.861Z,68
"female",Mrs,Amelia,Patel,1960-02-12T03:02:36.552Z,63
"female",Ms,Alexis,Johnson,1953-10-03T20:10:47.457Z,69
"female",Mrs,Noémie,Novak,1979-11-24T05:45:44.328Z,43
"male",Mr,Gabriel,Grewal,1971-11-30T15:38:27.609Z,51
"male",Mr,Ryder,Harris,1948-02-02T22:30:31.620Z,75
"male",Mr,Olivier,Chu,1975-12-01T02:43:38.171Z,47
"male",Mr,Gabriel,Young,1959-10-19T17:42:41.425Z,63
"female",Mrs,Sophia,Lavigne,1960-06-21T13:33:23.615Z,62
"female",Ms,Alexis,Ross,1965-06-20T23:12:28.562Z,57
"male",Mr,Elliot,Grewal,1993-01-31T05:16:49.703Z,30
"female",Miss,Brielle,Lavoie,1969-11-22T16:09:02.470Z,53
"male",Mr,Philippe,Martin,1994-11-19T10:26:11.400Z,28
"male",Mr,Leo,Mackay,1999-05-03T02:00:15.275Z,23
"female",Miss,Madison,Chan,1999-04-19T20:59:16.468Z,23
"female",Ms,Laurie,Kowalski,1988-10-27T23:02:21.864Z,34
"male",Mr,Oliver,Pelletier,1966-04-30T05:56:53.826Z,56
"female",Ms,Alicia,Jones,1966-07-04T08:42:06.384Z,56
"female",Mrs,Maeva,Andersen,1977-06-18T11:43:57.216Z,45
"female",Ms,Maya,Young,1952-04-17T13:49:22.238Z,70
"female",Ms,Camille,Ross,1969-09-30T00:05:00.358Z,53
"female",Miss,Lea,Chan,1969-11-20T10:05:07.041Z,53
"male",Mr,David,Campbell,1949-01-16T01:25:08.103Z,74
"male",Mr,William,Tremblay,1949-12-15T16:08:18.132Z,73
"female",Ms,Julia,Walker,1985-12-03T07:23:40.063Z,37
"female",Miss,Lea,Ambrose,1952-01-27T16:20:01.667Z,71
"female",Ms,Brielle,Scott,1984-06-13T19:39:45.357Z,38
"male",Mr,Anthony,Singh,1950-09-04T16:49:19.503Z,72
"male",Mr,Tristan,Lavoie,1996-11-19T22:48:57.295Z,26
"male",Mr,Vincent,Roy,1956-07-20T14:55:11.544Z,66
"female",Ms,Lily,Andersen,1985-08-03T02:02:46.846Z,37
"female",Mrs,Charlie,Slawa,1990-05-19T08:39:45.878Z,32
"male",Mr,Philip,Abraham,1996-07-03T12:47:57.500Z,26
"female",Mrs,Sofia,Andersen,1994-07-25T10:25:57.827Z,28
"female",Mrs,Rose,French,1987-12-16T00:30:11.557Z,35
"male",Mr,Gabriel,Harris,1990-12-20T12:17:54.851Z,32
"female",Miss,Maya,French,1991-03-27T04:08:10.171Z,31
"male",Mr,Anthony,French,1948-03-31T13:59:16.603Z,74
"female",Mrs,Brielle,Wilson,1963-07-23T05:24:28.366Z,59
"female",Miss,Charlie,Bélanger,1986-09-18T14:52:28.338Z,36
"female",Miss,Juliette,Knight,1991-02-11T20:05:22.120Z,32
"male",Mr,Theo,Anderson,1981-04-27T09:17:17.908Z,41
"female",Miss,Maya,Ma,1965-08-09T12:34:21.927Z,57
"male",Mr,Leo,Lévesque,1992-11-23T03:52:39.518Z,30
"male",Mr,Dylan,Harris,1971-04-13T01:07:48.030Z,51
"female",Ms,Sofia,Ouellet,1997-05-20T10:15:35.856Z,25
"female",Ms,Sarah,Bélanger,1970-10-08T12:56:30.533Z,52
"male",Mr,Mathis,Abraham,1954-01-01T03:02:11.784Z,69
"female",Ms,Maeva,Chow,1992-08-21T15:07:46.294Z,30
"female",Mrs,Chloe,Gill,1973-09-14T08:01:53.512Z,49
"male",Mr,Xavier,Côté,1958-10-25T22:44:12.580Z,64
"female",Ms,Hailey,Chu,1974-11-01T07:17:20.501Z,48
"female",Miss,Megan,Grewal,1970-03-10T00:59:07.581Z,53
"male",Mr,Malik,Ross,1997-10-15T01:39:24.738Z,25
"female",Mrs,Alicia,White,1976-10-18T17:24:28.167Z,46
"female",Ms,Elizabeth,Knight,1980-10-01T23:10:56.019Z,42
"male",Mr,Zackary,Ambrose,1955-05-02T00:27:17.063Z,67
"female",Mrs,Alexis,Jones,1983-08-02T09:20:38.590Z,39
"male",Mr,Jeremy,French,1951-02-21T08:22:43.284Z,72
"male",Mr,Xavier,Slawa,1946-06-01T15:25:15.185Z,76
"male",Mr,Justin,Lo,1958-11-25T00:08:31.864Z,64
"female",Ms,Eva,Taylor,1950-07-26T07:23:30.729Z,72
"male",Mr,Ryan,Bouchard,1991-08-06T10:16:22.042Z,31
"male",Mr,Arnaud,Bélanger,1954-09-06T01:34:00.335Z,68
"male",Mr,Hunter,Brown,1972-11-12T13:57:05.888Z,50
"male",Mr,Daniel,Ginnish,1963-07-03T09:36:05.753Z,59
"male",Mr,Louis,Ross,1946-09-13T14:59:37.278Z,76
"male",Mr,Noah,Gagnon,1998-01-31T02:25:25.975Z,25
"male",Mr,Mathis,Gagnon,1968-05-20T14:53:46.745Z,54
"female",Mrs,Chloe,Scott,1952-09-05T21:20:40.919Z,70
"male",Mr,Jeremy,Grewal,1970-04-24T22:31:15.801Z,52
"female",Mrs,Megan,Wong,2000-03-20T14:36:34.354Z,23
"female",Ms,Addison,Ross,1976-06-17T14:25:17.659Z,46
"male",Mr,Xavier,Claire,1951-12-29T19:29:29.977Z,71
"male",Mr,Ryder,Gauthier,1953-12-25T22:13:38.440Z,69
"male",Mr,Antoine,Taylor,1987-08-27T15:28:20.265Z,35
"male",Mr,James,Jean-Baptiste,1968-04-29T08:14:03.165Z,54
"female",Miss,Sofia,Margaret,1978-07-20T04:39:56.657Z,44
"female",Mrs,Marilou,Claire,1981-09-11T06:19:34.092Z,41
"male",Mr,Jack,Kowalski,1955-07-14T04:52:06.520Z,67
"male",Mr,Theo,French,1976-02-27T23:28:57.501Z,47
"male",Mr,Ethan,Young,1993-08-21T20:15:26.459Z,29
"female",Miss,Mia,Lévesque,1976-06-09T00:11:42.407Z,46
"male",Mr,Matthew,White,1978-03-04T20:33:23.349Z,45
"male",Mr,Zackary,Lo,1998-02-20T06:48:40.195Z,25
"female",Miss,Avery,Bouchard,1949-07-09T18:15:18.706Z,73
"female",Miss,Maya,Addy,1984-08-11T20:47:30.542Z,38
"female",Miss,Lily,Barnaby,1989-06-18T02:34:55.716Z,33
"male",Mr,Etienne,Gagnon,1973-12-06T09:10:36.325Z,49
"male",Mr,Felix,Chan,1987-09-18T18:27:46.722Z,35
"female",Miss,Rose,Singh,1973-10-23T00:38:50.217Z,49
"female",Ms,Marilou,Chow,1966-03-02T02:25:30.917Z,57
"female",Ms,Noémie,Gauthier,1966-03-27T04:48:36.108Z,56
"female",Ms,Camille,Slawa,1989-11-30T04:34:18.007Z,33
"male",Mr,Aiden,Anderson,1997-06-03T19:39:43.800Z,25
"male",Mr,Jacob,Côté,1976-09-20T16:40:46.199Z,46
"female",Miss,Maeva,Clark,1983-05-20T10:04:35.339Z,39
"female",Miss,Zoe,Wilson,1980-09-11T19:56:49.066Z,42
"male",Mr,Antoine,Denys,1969-06-01T07:57:52.851Z,53
"male",Mr,Leo,Fortin,1966-03-02T02:56:27.908Z,57
"male",Mr,Tristan,Roy,1987-08-04T02:24:59.005Z,35
"male",Mr,Louis,Chu,1951-07-06T07:10:57.525Z,71
"female",Miss,Laurie,Claire,1965-12-01T03:26:22.030Z,57
"male",Mr,Ryan,Gagnon,1957-04-13T07:45:07.368Z,65
"male",Mr,Logan,Morin,1976-12-14T18:42:50.309Z,46
"female",Miss,Emily,Ambrose,1984-10-04T08:48:24.453Z,38
"male",Mr,Louis,Fortin,1976-08-22T09:57:55.212Z,46
"male",Mr,Zackary,Margaret,1971-09-17T09:12:56.262Z,51
"male",Mr,Theo,Lavoie,1949-12-25T01:57:44.864Z,73
"male",Mr,Antoine,Clark,1972-05-07T05:14:31.341Z,50
"male",Mr,Xavier,Roy,1981-06-21T17:04:15.818Z,41
"male",Mr,Adam,Bergeron,1962-01-05T12:34:38.187Z,61
"female",Ms,Alicia,Jean-Baptiste,1970-04-20T13:18:03.828Z,52
"male",Mr,Felix,Harris,1958-11-17T13:21:56.225Z,64
"female",Miss,Beatrice,Pelletier,1977-06-05T02:04:00.468Z,45
"male",Mr,Nicolas,Ouellet,1955-07-11T16:43:41.300Z,67
"male",Mr,Philip,Walker,1997-07-29T23:30:57.552Z,25
"male",Mr,Nathan,Mitchell,1952-10-05T09:52:10.057Z,70
"female",Miss,Laurie,Young,1985-04-13T22:37:45.271Z,37
"male",Mr,Noah,Tremblay,1969-02-08T00:07:36.701Z,54
"male",Mr,Theo,Ouellet,1975-01-29T00:29:01.881Z,48
"male",Mr,Lucas,Anderson,1968-05-06T22:33:17.956Z,54
